{
  "natural_mortality": [0.4, 0.4, 0.4, 0.4, 0.0965, 0.0965, 0.0965, 0.0965, 0.0625, 0.0625, 0.0625, 0.0625, 0.0625, 0.0625, 0.0625, 0.0625, 0.0625, 0.0625, 0.0625, 0.0625, 0.0625, 0.0625, 0.0625, 0.0625, 0.0625, 0.0625, 0.0625, 0.0625, 0.0625, 0.0625, 0.0625, 0.0625, 0.0625, 0.0625, 0.0625, 0.0625, 0.0625, 0.0625, 0.0625, 0.0625, 0.0625, 0.0625, 0.0625, 0.0625, 0.0625, 0.0625, 0.0625, 0.0625, 0.0625, 0.0625, 0.0625, 0.0625, 0.0625, 0.0625, 0.0625, 0.0625, 0.0625, 0.0625, 0.0625, 0.0625, 0.0625, 0.0625, 0.0625, 0.0625, 0.0625, 0.0625, 0.0625, 0.0625, 0.0625, 0.0625, 0.0625, 0.0625, 0.0625, 0.0625, 0.0625, 0.0625, 0.0625, 0.0625, 0.0625, 0.0625, 0.0625, 0.0625, 0.0625, 0.0625],
  "fishing_mortality": [0.0744887685882798, 0.0467688032694902, 0.0782837203156162, 0.373861956690056, 0.251174020199538, 0.236852191452059, 0.0510319881131569, 0.184474732893499, 0.416856294557884, 0.0312136157198941, 0.0058011789445646, 0.0835540440745648, 0.0994447181896339, 0.0269796529254471, 0.00252284468983928, 0.061166181602216, 0.148889242382678, 0.0256286014521627, 0.00163694532849988, 0.0474866830261839, 0.111729795635744, 0.0256046053440003, 0.00180113005756777, 0.0423666034669307, 0.0724916959004428, 0.0262082549874928, 0.00223777706987439, 0.0469304675195174, 0.0667280460532388, 0.0264856161357697, 0.00237587270523722, 0.0542780853927495, 0.0150502195836917, 0.0265203317546262, 0.00235589920373255, 0.0667402523103597, 0.0568759737517151, 0.0263146466416677, 0.00219464754955974, 0.0783006604586084, 0.0301354792881173, 0.0260529377353528, 0.00200790627581033, 0.0861078971833489, 0.0206574974434497, 0.0258154682339502, 0.00184254480661898, 0.0905728502099314, 0.020502751233505, 0.0256245262036554, 0.00171080401854249, 0.0928492687586859, 0.020316068136888, 0.0254790626419559, 0.00161064475324442, 0.0939037576925384, 0.0201217329544169, 0.0253705455583094, 0.00153584578965243, 0.094316996204418, 0.019948099315961, 0.0252898881073281, 0.00148014247754199, 0.0944003395804888, 0.019802932812534, 0.0252297188535167, 0.00143845679351347, 0.0943158457937837, 0.0196850441587845, 0.0251844995295755, 0.00140698295584169, 0.0941470343252535, 0.0195904807678795, 0.0251500680927392, 0.00138298092312922, 0.0939400495818258, 0.019514893120227, 0.0251236318192314, 0.00136448065590157, 0.0937213433933513, 0.0193954205390571, 0.0250835471493593, 0.00133632710213491, 0.034767762952106],
  "weight_for_age": [0.175, 0.5999, 1.4199, 2.6813, 4.4118, 6.6211, 9.3061, 12.4553, 16.0517, 20.0742, 24.4997, 29.3033, 34.4592, 40.0641, 45.9528, 52.0875, 58.4311, 64.9479, 71.604, 78.367, 85.2069, 92.0956, 99.0072, 105.918, 112.806, 119.653, 126.439, 133.151, 139.773, 146.294, 152.702, 158.99, 165.148, 171.17, 177.051, 182.787, 188.373, 193.808, 199.09, 204.218, 209.193, 214.014, 218.684, 223.203, 227.574, 231.797, 235.876, 239.813, 243.611, 247.272, 250.799, 254.197, 257.467, 260.614, 263.64, 266.549, 269.345, 272.03, 274.61, 277.086, 279.462, 281.742, 283.929, 286.026, 288.036, 289.963, 291.81, 293.579, 295.273, 296.896, 298.449, 299.937, 301.36, 302.723, 304.027, 305.274, 306.468, 307.609, 308.701, 309.745, 315.12, 315.881, 316.609, 317.303],
  "migration_matrices": [
    [
      [0.0, 0.0, 1.0, 0.0],
      [0.0, 0.0, 1.0, 0.0],
      [0.0, 0.0, 1.0, 0.0],
      [0.0, 0.0, 1.0, 0.0]
    ],
    [
      [1.0, 0.0, 0.0, 0.0],
      [0.0, 1.0, 0.0, 0.0],
      [0.0, 0.0, 0.5, 0.5],
      [0.0, 0.0, 1.0, 0.0]
    ],
    [
      [1.0, 0.0, 0.0, 0.0],
      [0.0, 1.0, 0.0, 0.0],
      [0.0, 0.0, 0.5, 0.5],
      [0.0, 0.0, 1.0, 0.0]
    ],
    [
      [1.0, 0.0, 0.0, 0.0],
      [0.0, 1.0, 0.0, 0.0],
      [0.0, 0.0, 1.0, 0.0],
      [0.0, 0.0, 1.0, 0.0]
    ],
    [
      [1.0, 0.0, 0.0, 0.0],
      [0.0, 1.0, 0.0, 0.0],
      [1.0, 0.0, 0.0, 0.0],
      [0.0, 0.0, 0.0, 1.0]
    ],
    [
      [1.0, 0.0, 0.0, 0.0],
      [0.0, 1.0, 0.0, 0.0],
      [0.0, 0.0, 1.0, 0.0],
      [0.0, 0.0, 0.0, 1.0]
    ],
    [
      [1.0, 0.0, 0.0, 0.0],
      [0.0, 1.0, 0.0, 0.0],
      [0.0, 0.0, 1.0, 0.0],
      [0.0, 0.0, 0.0, 1.0]
    ],
    [
      [0.0, 1.0, 0.0, 0.0],
      [0.0, 1.0, 0.0, 0.0],
      [0.0, 0.0, 1.0, 0.0],
      [0.0, 0.0, 0.0, 1.0]
    ],
    [
      [1.0, 0.0, 0.0, 0.0],
      [0.0, 1.0, 0.0, 0.0],
      [0.0, 0.0, 1.0, 0.0],
      [0.0, 0.0, 0.0, 1.0]
    ]
  ]
}
